{"cameraMode":{"drawMode":0,"name":"Shaded","section":"Shading Mode"},"sceneLighting":true,"audioPlay":false,"sceneViewState":{"m_AlwaysRefresh":false,"showFog":true,"showSkybox":true,"showFlares":true,"showImageEffects":true,"showParticleSystems":true,"showVisualEffectGraphs":true,"m_FxEnabled":true},"in2DMode":false,"pivot":{"x":1.9242663383483887,"y":1.1652252674102784,"z":-0.8131794929504395},"rotation":{"x":0.193888321518898,"y":-0.6896454095840454,"z":0.20003534853458405,"w":0.6684486269950867},"size":0.8660253882408142,"orthographic":false}