{"cameraMode":{"drawMode":0,"name":"Shaded","section":"Shading Mode"},"sceneLighting":true,"audioPlay":false,"sceneViewState":{"m_AlwaysRefresh":false,"showFog":true,"showSkybox":true,"showFlares":true,"showImageEffects":true,"showParticleSystems":true,"showVisualEffectGraphs":true,"m_FxEnabled":true},"in2DMode":false,"pivot":{"x":2.5430870056152345,"y":-0.4356335401535034,"z":-103.83920288085938},"rotation":{"x":0.14723984897136689,"y":0.851463258266449,"z":-0.38058513402938845,"w":0.3295959532260895},"size":36.510284423828128,"orthographic":false}