{"cameraMode":{"drawMode":0,"name":"Shaded","section":"Shading Mode"},"sceneLighting":true,"audioPlay":false,"sceneViewState":{"m_AlwaysRefresh":false,"showFog":true,"showSkybox":true,"showFlares":true,"showImageEffects":true,"showParticleSystems":true,"showVisualEffectGraphs":true,"m_FxEnabled":true},"in2DMode":false,"pivot":{"x":1.7000007629394532,"y":-1.3999996185302735,"z":-103.1500015258789},"rotation":{"x":-0.031580016016960147,"y":0.8954491019248962,"z":0.06429639458656311,"w":0.4395289421081543},"size":74.47069549560547,"orthographic":false}