{"cameraMode":{"drawMode":0,"name":"Shaded","section":"Shading Mode"},"sceneLighting":true,"audioPlay":false,"sceneViewState":{"m_AlwaysRefresh":false,"showFog":true,"showSkybox":true,"showFlares":true,"showImageEffects":true,"showParticleSystems":true,"showVisualEffectGraphs":true,"m_FxEnabled":true},"in2DMode":false,"pivot":{"x":7.275823593139648,"y":3.8729896545410158,"z":4.255977153778076},"rotation":{"x":0.07904290407896042,"y":-0.7245597839355469,"z":0.08428744971752167,"w":0.6794655919075012},"size":0.41589444875717165,"orthographic":false}